Youtuber,subscribers,video views,category,uploads,lowest_monthly_earnings,highest_monthly_earnings,created_year
T-Series,245000000,2.28E+11,Music,20082,564600,9000000,2006
YouTube Movies,170000000,0,Film & Animation,1,0,0.05,2006
MrBeast,166000000,28368841870,Entertainment,741,337000,5400000,2012
Cocomelon - Nursery Rhymes,162000000,1.64E+11,Education,966,493800,7900000,2006
SET India,159000000,1.48E+11,Shows,116536,455900,7300000,2006
Music,119000000,0,nan,0,0,0,2013
ııı Kids Diana Show,112000000,93247040539,People & Blogs,1111,182900,2900000,2015
PewDiePie,111000000,29058044447,Gaming,4716,9800,156700,2010
Like Nastya,106000000,90479060027,People & Blogs,493,12200,195800,2016
Vlad and Niki,98900000,77180169894,Entertainment,574,145100,2300000,2018
Zee Music Company,96700000,57856289381,Music,8548,200900,3200000,2014
WWE,96000000,77428473662,Sports,70127,178700,2900000,2007
Gaming,93600000,0,nan,0,0,0,2013
BLACKPINK,89800000,32144597566,People & Blogs,543,124700,2000000,2016
Goldmines,86900000,24118230580,Film & Animation,1,0,0.07,2006
Sony SAB,83000000,1.01E+11,Shows,71270,414300,6600000,2007
5-Minute Crafts,80100000,26236790209,Howto & Style,1,0,0,2020
BANGTANTV,75600000,20826993957,Music,2281,42100,673200,2012
Sports,75000000,0,nan,3,0,0.06,2006
Justin Bieber,71600000,30608119724,Music,249,44100,705300,2007
HYBE LABELS,71300000,28634566938,Music,1337,149500,2400000,2008
Zee TV,70500000,73139054467,Entertainment,129204,426800,6800000,2005
Pinkfong Baby Shark - Kids' Songs & Stories,68200000,38843229963,Education,2865,118300,1900000,2011
Canal KondZilla,66500000,36775585925,Music,2572,0,0,2012
ChuChu TV Nursery Rhymes & Kids Songs,65900000,45757850229,Education,633,105100,1700000,2013
Shemaroo Filmi Gaane,65600000,28648024439,Music,8502,63700,1000000,2010
Colors TV,64600000,61510906457,Shows,112915,296900,4800000,2008
T-Series Bhakti Sagar,61000000,29533230328,Music,13,0,0.04,2018
Dude Perfect,59500000,16241549158,Sports,389,35300,564800,2009
Movieclips,59500000,59316472754,Film & Animation,39113,28700,458700,2006
Tips Official,59300000,33431802698,Music,4741,105700,1700000,2007
El Reino Infantil,58400000,57271630846,Music,1510,153000,2400000,2011
Wave Music,58000000,40602020243,Music,19487,58000,928100,2014
Aaj Tak,57600000,25307753534,News & Politics,283775,115300,1800000,2009
Sony Music India,57200000,28837144516,Music,3882,64800,1000000,2009
EminemMusic,56900000,27073872856,Music,156,65000,1000000,2007
Marshmello,56400000,14696003229,Entertainment,436,28000,448400,2015
YRF,54600000,35302243691,Film & Animation,3707,128000,2000000,2006
LooLoo Kids - Nursery Rhymes and Children's Songs,54000000,32312431239,Music,11,0.04,0.64,2016
Ed Sheeran,53500000,30367676736,Music,383,50700,810900,2006
Infobells - Hindi,53300000,30516172739,Education,577,204000,3300000,2014
Taylor Swift,52900000,29884657286,Music,216,132100,2100000,2006
Ariana Grande,52700000,24004842608,Music,147,40100,640900,2007
BillionSurpriseToys  - Nursery Rhymes & Cartoons,52200000,9877365274,Education,847,66700,1100000,2013
JuegaGerman,48100000,14631710289,Gaming,2052,16600,265600,2013
Billie Eilish,47900000,13626331061,Music,65,36700,587400,2013
Get Movies,47500000,30788679536,Entertainment,3322,76600,1200000,2006
Shemaroo,47400000,22519705183,Entertainment,11451,58200,931000,2007
Badabun,46800000,19398045702,Entertainment,1,0.11,2,2007
SonyMusicIndiaVEVO,46600000,27286058807,Music,3444,78600,1300000,2009
A4,46300000,22936630813,Gaming,1,0.02,0.38,2006
Bad Bunny,46100000,30686342319,Music,1,0,0,2005
Fernanfloo,46100000,10323391593,Gaming,543,8500,135400,2011
Voot Kids,45500000,21388725229,Entertainment,4660,58500,936000,2016
Felipe Neto,45200000,16602198273,Entertainment,4331,32600,521400,2006
Vocï¿½ï¿½ï¿½,44700000,7828610828,Entertainment,1558,12000,192100,2013
HAR PAL GEO,44600000,41139050371,Entertainment,100755,334300,5300000,2008
BRIGHT SIDE,44500000,10708531817,Howto & Style,0,0,0,2005
Katy Perry,44200000,25458952022,Music,128,33600,537000,2008
whinderssonnunes,44200000,4274709210,Comedy,558,6700,106700,2013
ABS-CBN Entertainment,44200000,50292540392,People & Blogs,193890,44200,706500,2008
Alan Walker,43700000,12884264778,Music,8,0.01,0.09,2006
HolaSoyGerman.,43600000,4831311245,Entertainment,6,0,0.02,2016
Shakira,43500000,27568757295,People & Blogs,326,88400,1400000,2005
ıııııııı ıı ıııııııııııııı,43200000,36458726976,Film & Animation,1478,75900,1200000,2011
ARY Digital HD,43200000,37939780685,Entertainment,109871,287300,4600000,2016
Speed Records,42500000,26820902622,Music,10938,39900,639000,2012
Masha and The Bear,42400000,24519022988,Shows,1218,167600,2700000,2014
Like Nastya Show,42400000,19547696190,Entertainment,618,13300,212800,2017
Rihanna,41900000,22477745835,Entertainment,84,45700,731700,2005
Ishtar Music,41400000,17608931161,Trailers,4510,45200,723800,2005
Kimberly Loaiza,41300000,5603111948,People & Blogs,291,34200,547000,2016
Little Baby Bum - Nursery Rhymes & Kids Songs,40900000,39450824833,Education,2423,24700,395100,2011
Luisito Comunica,40600000,8670473639,Comedy,0,0,0,2010
elrubiusOMG,40400000,7410536668,Gaming,703,1400,23100,2011
Toys and Colors,40300000,47005053156,Entertainment,4,0,0.02,2018
shfa2 - ï¿½ï¿½,39700000,23884824160,People & Blogs,1596,61900,990900,2017
LUCCAS NETO - LUCCAS TOON,39400000,22302547082,People & Blogs,1,0,0.01,2021
CarryMinati,39200000,3294013141,Comedy,186,19700,314800,2014
XXXTENTACION,39200000,10507474316,Music,133,14600,233400,2015
Super Simple Songs - Kids Songs,39200000,44900897958,Education,744,140200,2200000,2006
Mikecrack,39100000,16118181673,Gaming,1876,66000,1100000,2015
WorkpointOfficial,39000000,36131228583,Entertainment,72580,32600,521800,2012
GR6 EXPLODE,38900000,25154232306,Music,3043,408700,6500000,2014
TEDx Talks,38600000,7339333120,Nonprofits & Activism,200933,11400,182600,2009
shfa,38400000,21528116909,People & Blogs,982,397,6400,2018
Goldmines Gaane Sune Ansune,38300000,16718192386,Music,3532,203700,3300000,2015
One Direction,38200000,13598903820,Music,11,2,25,2016
TheEllenShow,38200000,22756581750,Entertainment,15672,5500,87200,2006
Sony PAL,38200000,28519339489,Shows,24089,104000,1700000,2014
Daddy Yankee,38000000,22731415608,Music,505,51400,822400,2011
Vlad vï¿½ï¿½ï,37900000,23510152352,nan,515,61000,976400,2018
Like Nastya ESP,37600000,18208196857,Entertainment,743,80300,1300000,2017
ıııııııııııı one31,37500000,27262462114,Entertainment,117152,35200,563000,2013
Jkk Entertainment,37200000,16402066717,Comedy,220,12500,199400,2017
ABP NEWS,37000000,13102611515,People & Blogs,301308,66800,1100000,2012
Maria Clara & JP,37000000,24188861917,People & Blogs,744,62900,1000000,2015
Bruno Mars,36700000,19378155425,Music,99,43800,701000,2006
Maroon 5,36600000,22553923546,Music,171,38200,611300,2006
Ultra Bollywood,36600000,15653786446,Trailers,9168,0,0,2009
PowerKids TV,36500000,18961241905,Film & Animation,5621,79700,1300000,2014
YouTube,36300000,3010784935,News & Politics,744,5300,84400,1970
News,36300000,0,nan,0,0,0,2013
Ozuna,36200000,23355801606,Music,196,42300,677000,2016
MrBeast Gaming,36100000,6331332547,Gaming,5,0.01,0.13,2011
La Granja de Zenï¿½,35700000,27118354077,Music,654,75500,1200000,2013
Saregama Music,35500000,15657673422,Entertainment,7566,133400,2100000,2013
IndiaTV,35500000,16105023749,News & Politics,273255,72700,1200000,2006
T-Series Bollywood Classics,35400000,22637783517,Music,2010,82900,1300000,2012
Total Gaming,35400000,5556364230,Gaming,1,0.01,0.21,2006
Markiplier,35200000,20297931219,Gaming,5490,31800,509300,2012
Ryan's World,35200000,55299840198,Entertainment,2453,59700,954500,2015
Genevieve's Playhouse - Learning Videos for Kids,34900000,25607397308,Education,617,83800,1300000,2016
T-Series Apna Punjab,34600000,21306315429,Music,0,0,0,2020
Techno Gamerz,34400000,9690499664,Gaming,1,0.02,0.34,2010
Geet MP3,34300000,12746535822,Music,679,25300,405400,2016
J Balvin,34100000,23005313609,Music,141,32200,514800,2011
Jess No Limit,34000000,3963007415,Entertainment,2284,136800,2200000,2017
Jingle Toons,34000000,11351015824,Film & Animation,240,45000,719600,2013
VEGETTA777,33800000,15432929204,Gaming,7606,9800,156400,2008
Galinha Pintadinha,33800000,27274550757,Film & Animation,66,100900,1600000,2006
SSSniperWolf,33700000,23492684419,Gaming,3366,52700,843800,2013
Desi Music Factory,33700000,10189027455,Music,2,0,0,2018
Selena Gomez,33600000,13013567335,Film & Animation,188,28900,463200,2008
Rajshri,33500000,14864294792,Music,3741,68100,1100000,2006
Ch3Thailand,33500000,29611914495,Entertainment,96214,0,0,2014
KHANDESHI MOVIES,33500000,11405809704,Comedy,217,6200,98900,2013
NoCopyrightSounds,33400000,10530729078,Music,1331,13900,222600,2011
CVS 3D Rhymes & Kids Songs,33400000,20269857567,Education,338,34000,544300,2008
Ricis Official,33300000,5994136760,People & Blogs,2736,39300,628400,2016
BabyBus - Kids Songs and Cartoons,32800000,26355088167,Education,2122,31900,510000,2016
Eros Now Music,32700000,17853798780,Entertainment,1521,5100,81100,2012
BETER Bï¿½ï¿½,32700000,19180039918,nan,2738,365900,5900000,2012
DisneyMusicVEVO,32700000,28516250629,Music,2068,82500,1300000,2010
The Weeknd,32600000,23379969006,Music,169,93500,1500000,2011
WowKidz,32200000,16613441479,Film & Animation,2,0,0,2006
KAROL G,32100000,18699145555,Music,134,116400,1900000,2013
Mr Bean,32100000,10602236110,Shows,3091,14100,226100,2006
rezendeevil,32100000,13061739758,Gaming,11882,11100,178000,2012
StarPlus,32000000,26800674545,Entertainment,44892,416800,6700000,2006
SMTOWN,31900000,27330239663,Music,4158,58400,933600,2006
GMA  Network,31900000,19428308461,Entertainment,93311,199600,3200000,2006
GENIAL,31800000,6762424690,Howto & Style,6734,7900,125800,2017
MR. INDIAN HACKER,31700000,5711208484,Science & Technology,929,27300,436500,2012
Worldwide Records Bhojpuri,31700000,16476978876,Music,6518,28200,450600,2012
DONA ï¿½ï¿½,31700000,21031745531,Entertainment,166,38300,613100,2018
Dream,31700000,2930015381,Gaming,116,6800,108100,2014
Lucas and Marcus,31600000,11615848291,Entertainment,1321,78000,1200000,2011
JustinBieberVEVO,31600000,26583873105,Music,204,26300,420500,2009
Luis Fonsi,31400000,15176762479,Entertainment,0,0,0,2006
Peppa Pig - Official Channel,31400000,22919271731,Film & Animation,3589,61200,979700,2013
YOLO AVENTURAS,31200000,9673649438,People & Blogs,65,0.9,14,2018
The Tonight Show Starring Jimmy Fallon,31200000,17111726160,Comedy,8976,0,0,2006
TheDonato,31200000,6187804950,Entertainment,3027,47700,762700,2015
ImagineDragons,30700000,16793072362,Music,92,47200,755300,2009
Diana and Roma ESP,30700000,12355992466,nan,578,25700,412000,2016
Round2hell,30700000,3145161634,Comedy,67,8000,127300,2016
Zee News,30500000,16709857823,News & Politics,180092,115400,1800000,2007
AboFlah,30500000,4521573939,Gaming,641,39500,631600,2016
AH,30400000,4332274962,Entertainment,2197,5400,85800,2014
Trap Nation,30400000,14037426379,Music,2725,11500,183300,2012
ııııııııııııııı ıııııı ıııııııııııııııııı,30400000,17999961915,nan,532,30700,491700,2018
Boram Tube Vlog [ï¿½ï¿½ï¿½ï¿½ï¿½ï¿½ï¿½ï¿½ï¿,30300000,13546549817,Entertainment,223,5700,90900,2012
Adele,30200000,14199108016,Music,15,34300,548400,2008
Talking Tom,30200000,15199330166,Comedy,2,0,0,2008
ıııııııı ıııııııı ıııııııııı | toyoraljanahtv,30200000,27684955537,Entertainment,3254,29100,465700,2008
Frost Diamond,30100000,7277493940,Gaming,0,0,0,2006
Spinnin' Records,30100000,19607009165,Music,11501,25000,400200,2007
Little Angel: Nursery Rhymes & Kids Songs,30100000,22593193994,Education,1349,26900,430100,2015
jacksepticeye,30100000,16246625836,Gaming,5114,10100,161700,2007
Shawn Mendes,30000000,12831200855,Music,133,22200,355000,2011
ashish chanchlani vines,29800000,4457913639,Comedy,151,6500,104700,2009
Ultra Records,29600000,17208027242,Music,4903,20500,327500,2006
Popular on YouTube,29300000,0,nan,3,0,0,2017
Maluma,29300000,21226945136,Music,14,0,0.06,2015
Zhong,29200000,14727238483,Entertainment,1513,0,0,2015
Enaldinho,29200000,11627437847,Comedy,3654,75800,1200000,2012
AuronPlay,29200000,4079141673,Comedy,404,3000,48600,2006
Shorts Break,29000000,19466238065,Comedy,42,15,243,2021
infobells - Tamil,28900000,17930570614,Education,555,27500,439300,2014
Aditya Music India,28500000,25857994495,Music,0,0,0,2010
The Late Late Show with James Corden,28400000,9956764048,Entertainment,5809,6600,105700,2006
Aditya Movies,28400000,10062770060,Movies,5436,56800,909400,2012
Masha y el Oso,28300000,13577142726,Film & Animation,6,0,0.01,2019
infobells - Telugu,28300000,14814192034,Education,505,72000,1200000,2014
HUM TV,28300000,23844936965,Entertainment,106983,171200,2700000,2011
Shemaroo Movies,28200000,7600740993,Entertainment,3009,46200,739900,2011
Michael Jackson,28200000,14412474625,Music,15,39600,634400,2005
Drake,28100000,15318895118,Music,3,0.01,0.12,2005
Goldmines Dishoom,28000000,8603468420,Film & Animation,3878,32300,516800,2016
Sandeep Maheshwari,27800000,2303069221,People & Blogs,0,0,0,2008
Bounce Patrol - Kids Songs,27800000,21037851468,Music,292,31900,509800,2013
toycantando,27700000,15777682516,Music,619,43500,695300,2009
MrBeast 2,27500000,4552581106,People & Blogs,27,0,0,2011
Wiz Khalifa,27500000,13379395501,Music,682,22600,361800,2008
JYP Entertainment,27400000,19883150017,Music,1753,76900,1200000,2008
ııı Kids Roma Show,27400000,10336420490,People & Blogs,642,44000,703400,2015
DanTDM,27400000,19417887510,Gaming,3664,19700,314700,2012
Nick Jr.,27300000,22440611155,Film & Animation,5438,10600,170200,2012
Crazy XYZ,27300000,7705492350,Entertainment,1259,25600,408900,2017
ToyPuddingTV,27100000,15916882228,Entertainment,2,0,0.06,2017
Dushyant kukreja,27100000,17318452893,Entertainment,889,107400,1700000,2015
Gulshan Kalra,27100000,12732444881,Howto & Style,545,125700,2000000,2018
Brent Rivera,27000000,6570935979,Comedy,554,36100,577800,2009
Renato Garcia YT,26900000,7938616641,Entertainment,3956,20700,331600,2011
Beast Reacts,26700000,4388047013,People & Blogs,241,69000,1100000,2016
enchufetv,26700000,10317306313,Comedy,975,6100,97500,2011
Netflix,26700000,7173668905,Entertainment,6471,29600,472900,2012
Raffy Tulfo in Action,26500000,15065753455,News & Politics,10022,40800,652500,2016
WORLDSTARHIPHOP,26500000,20358117330,Music,6873,22300,356400,2008
Goldmines Bollywood,26400000,8595760553,Film & Animation,3622,24900,398700,2015
Alan Chikin Chow,26400000,27006526665,Comedy,865,261500,4200000,2020
PANDA BOI,26400000,17211600007,Entertainment,967,306400,4900000,2020
BB Ki Vines,26300000,4749833967,Entertainment,190,4300,69100,2015
D Billions,26200000,31977463002,nan,775,121800,1900000,2019
Junya.ï¿½ï¿½ï¿½ï¿½,26200000,16097531087,Entertainment,5985,180500,2900000,2020
Smosh,26100000,10435474336,Comedy,1619,17000,272600,2005
1MILLION Dance Studio,26100000,7886440199,Entertainment,0,0,0,2019
NichLmao,26000000,14101010609,People & Blogs,868,151600,2400000,2018
Beyoncï¿,26000000,17308961985,Music,240,13900,221800,2005
Marï¿½ï¿½ï¿½ï¿½ï¿½,26000000,18597534412,Music,1,0,0.01,2008
Indosiar,25900000,11372071889,Music,65286,57500,920700,2013
VanossGaming,25800000,15541421838,Gaming,1762,13700,219800,2011
David Guetta,25700000,17793809548,Music,749,41100,656900,2009
LosPolinesios,25700000,7466926260,People & Blogs,982,7600,122000,2012
Nicki Minaj,25700000,10242981063,Music,42,25900,414500,2013
Fede Vigevani,25600000,7962725960,Howto & Style,0,0,0,2019
TaylorSwiftVEVO,25600000,25592378292,Music,287,79600,1300000,2009
ZHC,25500000,2726917087,Film & Animation,5,0.01,0.08,2006
Post Malone,25500000,14401218086,Music,78,48900,782000,2011
Rans Entertainment,25400000,6430853035,People & Blogs,3716,14600,233900,2015
LankyBox,25400000,34300482066,Comedy,8775,203800,3300000,2016
Coldplay,25300000,17331663193,Music,398,49700,795500,2010
Las Ratitas,25200000,9602246828,People & Blogs,4,0,0.04,2019
WB Kids,25200000,11081602368,People & Blogs,2025,35100,561300,2015
ABPLIVE,25200000,7968363381,People & Blogs,12,0,0.01,2014
Chris Brown,25200000,15520569496,Music,0,0,0,nan
The Lallantop,25200000,10409352249,News & Politics,51129,68500,1100000,2015
RihannaVEVO,25100000,19458807708,Music,118,23600,377000,2009
WatchMojo.com,25100000,16357064198,Music,24837,12300,196000,2007
TRANS7 OFFICIAL,25000000,14169516119,Entertainment,89179,30800,492800,2014
Anuel AA,25000000,14827085149,Music,147,71000,1100000,2016
Dan Rhodes,24800000,17387583720,Entertainment,1644,83000,1300000,2015
Yuya,24800000,2588501115,Howto & Style,672,84,1300,2009
America's Got Talent,24800000,3699352704,Entertainment,1894,33600,537600,2006
mujjuu___14,24800000,14655527943,People & Blogs,872,100100,1600000,2020
EminemVEVO,24700000,20531704527,Music,104,34900,557800,2009
Chloe Ting,24700000,2994726412,Howto & Style,412,5800,93100,2011
KatyPerryVEVO,24600000,23755792542,Music,175,22200,355800,2009
Mark Rober,24600000,3647987299,Science & Technology,120,22200,354500,2011
1theK (ï¿½ï¿½ï¿½ï¿½ï,24500000,23962070944,Music,18950,26400,422300,2011
Like Nastya AE,24400000,12385924995,Entertainment,658,42500,679500,2018
Amit Bhadana,24300000,2380248899,Entertainment,17,0,0.02,2009
Pen Movies,24300000,6608773195,Film & Animation,1667,23700,379400,2014
MrBeast en Espaï¿½ï,24200000,2700914170,Entertainment,67,8400,134400,2021
shfa show India,24200000,15724160183,nan,469,37800,604800,2019
Super JoJo - Nursery Rhymes & Kids Songs,24100000,329774870,nan,36,82100,1300000,2019
Alejo Igoa,24100000,10999000479,Comedy,802,100400,1600000,2014
Daniel LaBelle,24100000,12916159065,Comedy,287,99700,1600000,2009
netd mï¿½ï¿,24100000,56106087508,Music,23491,106200,1700000,2014
DJ Snake,24100000,8425505919,Music,252,15800,253200,2008
Diana and Roma ARA,24100000,11041261296,nan,590,16700,267500,2019
KSI,24100000,6002166932,Entertainment,1252,1400,21800,2009
Spider Slack,24000000,13943030228,Comedy,901,190400,3000000,2020
Goldmines Movies,24000000,5652938599,Film & Animation,3,0,0.01,2018
Preston,24000000,8279004442,Gaming,4009,37900,606800,2012
James Charles,23900000,4067878931,Entertainment,505,14500,232500,2015
Collins Key,23900000,6582932625,Entertainment,257,2700,43400,2011
Diana and Roma EN,23900000,7213499085,People & Blogs,511,44400,711100,2011
Venus Entertainment,23800000,5663125358,Entertainment,70,8,127,2016
Troom Troom,23800000,10414479943,Howto & Style,2425,24500,392200,2015
Enrique Iglesias,23800000,17688774915,Music,443,30700,491700,2007
Ninja,23700000,2543809954,Gaming,1732,2100,33500,2011
FaZe Rug,23700000,7451792132,Gaming,0,0,0,2012
Mister Max,23700000,15510153803,People & Blogs,1099,8200,131300,2014
That Little Puff,23700000,20289689389,Pets & Animals,769,188800,3000000,2020
NickyJamTV,23600000,15901824841,Music,392,19500,311700,2012
Juan De Dios Pantoja,23600000,2135644776,Entertainment,226,11700,187400,2014
Logan Paul,23600000,5994002464,Entertainment,719,2700,43200,2015
Maya and Mary,23600000,6766461070,Entertainment,552,11100,178200,2013
Peppa Pig Espaï¿½ï¿½ï¿½ï¿½ï¿½ï¿½ï¿½ï¿½ï¿½,23600000,7920637200,Film & Animation,1251,13400,214400,2014
Jelly,23500000,14777034543,Gaming,6066,10400,166700,2014
Miss Katy,23500000,14696994366,People & Blogs,1044,14900,238500,2014
Tilak,23400000,9465863821,Film & Animation,6672,91800,1500000,2020
Valentina Pontes ofc,23400000,7926899136,Film & Animation,1291,7100,113100,2014
Sesame Street,23300000,22471357411,Entertainment,3657,31000,496700,2006
Happy Lives,23200000,2634,Science & Technology,1,0,0,2016
Lady Gaga,23200000,15751661213,People & Blogs,172,35800,572700,2008
Akshay Nagwadiya,23200000,7966720147,Entertainment,595,80300,1300000,2017
Wave Music Bhojpuri,23100000,12889240875,Music,22578,13200,210700,2014
GMM GRAMMY OFFICIAL,23100000,25579831081,Music,15462,32600,520900,2010
TED,23100000,2551113422,People & Blogs,4445,3300,53000,2006
unknown boy varun,23100000,9299371231,Music,456,76000,1200000,2016
Kids TV - Nursery Rhymes And Baby Songs,23100000,13151870846,Shows,3781,32100,513800,2013
Tsuriki Show,23000000,31494513067,Entertainment,2905,189200,3000000,2019
Technical Guruji,23000000,3378047383,Science & Technology,5041,5600,89000,2015
DrossRotzank,23000000,6041264489,Entertainment,1598,8900,142200,2006
White Hill Music,23000000,10939966484,Entertainment,5718,23300,372700,2014
Ultra Movie Parlour,22900000,5320485069,Movies,1670,0,0,2011
Alan Becker,22900000,5380073627,Film & Animation,0,0,0,2006
toyorbabytv,22900000,16298342829,Music,1159,42300,676200,2012
BabyBus - Canciones Infantiles & Videos para Niï¿½ï,22900000,13206471140,Education,1251,34200,547300,2018
KL BRO Biju Rithvik,22800000,17988347989,Entertainment,1841,508100,8100000,2020
Vania Mania Kids,22700000,10115316784,People & Blogs,985,38800,620900,2015
Like Nastya PRT,22700000,11568118121,Entertainment,654,24200,386500,2019
Sun TV,22600000,20847038152,People & Blogs,60964,245600,3900000,2016
Heroindori,22600000,9223534599,Comedy,495,99800,1600000,2020
The Chainsmokers,22600000,14231943358,Music,180,20400,326600,2012
mmoshaya,22600000,17507060680,People & Blogs,1189,18500,295300,2010
Sia,22600000,13405849040,Music,171,23800,381000,2007
LeoNata Family,22600000,27084848152,People & Blogs,2321,293500,4700000,2021
Goldmines Cineplex,22500000,2431154438,Film & Animation,3377,12200,195000,2015
Vlad and Niki Arabic,22500000,10613701948,nan,526,16300,260300,2018
SSundee,22500000,13835173331,Gaming,3315,43800,700400,2009
Paulo Londra,22400000,8040036209,Music,58,18100,289000,2016
Smile Family,22300000,8663830163,People & Blogs,34,0.18,3,2019
FGTeeV,22300000,24059336857,Gaming,1724,33000,528400,2013
Kinder Spielzeug Kanal (Kidibli),22200000,11136266461,Entertainment,999,34800,557300,2015
Charlie Puth,22000000,9924807127,Music,157,27900,446000,2009
Vlad and Niki ESP,22000000,8594440895,nan,515,46000,735500,2018
Sagawa /ï¿½ï¿½ï¿½,22000000,18347969186,Entertainment,6274,177800,2800000,2021
Ben Azelart,21900000,4454917643,Film & Animation,301,46200,739800,2014
Zach Choi ASMR,21900000,5918314128,People & Blogs,946,58600,936900,2014
Topper Guild,21900000,15552070846,Comedy,816,171800,2700000,2014
Disney Latinoamï¿½ï¿½,21900000,20657571751,Entertainment,116,1,19,2008
Stokes Twins,21800000,4469711607,People & Blogs,257,49500,791800,2008
National Geographic,21800000,5614621131,Science & Technology,10162,11500,183200,2006
Dua Lipa,21800000,11288359365,Music,164,32000,512200,2011
OneDirectionVEVO,21800000,12140232004,Music,266,12800,204500,2010
Rotana,21800000,19329351143,Music,135,3,42,2011
Netflix India,21800000,7780934187,People & Blogs,1,0,0,2017
Sourav Joshi Vlogs,21700000,9392093496,People & Blogs,1390,66300,1100000,2019
ZAMZAM ELECTRONICS TRADING,21700000,8507818877,nan,15126,399600,6400000,2020
DUDU e CAROL,21600000,9597894786,Autos & Vehicles,2942,48300,772700,2013
Village Cooking Channel,21600000,5863377051,Howto & Style,219,48700,778400,2018
Eva Bravo Play,21600000,9346383505,Entertainment,228,16000,255700,2019
Tekashi 6ix9ine,21500000,5890180734,People & Blogs,51,28400,454200,2018
Tlnovelas,21500000,15013096899,News & Politics,158,4,62,2014
SMOL,21500000,22065582014,People & Blogs,6,0,0.01,2006
invictor,21500000,8409641722,Gaming,17,0.01,0.2,2016
YOLO,21400000,1573058816,Comedy,0,0,0,2013
Sidhu Moose Wala,21400000,6264261757,Music,114,40200,642800,2017
The Royalty Family,21300000,6269945014,People & Blogs,733,40100,640900,2017
Becky G,21300000,10644857969,Music,78,25800,412700,2011
Ishaan Ali 11,21300000,12761253839,People & Blogs,951,182400,2900000,2016
Infinite,21300000,5141834668,Entertainment,1608,17100,273400,2014
Azhan5star,21300000,10047736580,Entertainment,669,59100,945200,2021
Dangal TV Channel,21300000,12895427184,Entertainment,20225,140300,2200000,2017
Khan GS Research Centre,21200000,2073073070,Education,1,0,0,2017
GMA Public  Affairs,21200000,11364908616,Entertainment,31989,35600,569300,2009
Tasty,21100000,5783557209,Howto & Style,4728,6200,98800,2016
Baim Paula,21100000,4526271677,People & Blogs,2325,6700,107900,2016
nigahiga,21000000,4380564906,Entertainment,403,619,9900,2006
Rafa & Luiz,21000000,7762905663,Entertainment,2883,29600,473600,2015
Lyrical Lemonade,21000000,10631638628,Entertainment,420,20000,320200,2013
Vlad and Niki IDN,21000000,9789121606,nan,498,33300,533400,2018
Dr. Vivek Bindra: Motivational Speaker,20900000,1693149479,Education,896,7100,114400,2013
Fatos Desconhecidos,20900000,3828000587,Entertainment,6262,13100,209300,2013
Brave Wilderness,20900000,4927879069,Pets & Animals,982,0,0,2014
LIV Crime,20900000,11058049885,People & Blogs,9850,95900,1500000,2020
Minecraft - Topic,20900000,0,nan,0,0,0,2013
Romeo Santos,20900000,17324976752,Music,6,0.02,0.4,2006
Canal Canalha,20800000,1870608170,Comedy,288,6000,95600,2011
Kurzgesagt ï¿½ï¿½ï¿½ï¿½ï¿½ï¿,20800000,2378448129,Education,193,7300,117100,2013
Yoeslan,20700000,17963202261,Entertainment,619,218700,3500000,2020
5-Minute Crafts DIY,20700000,5091618606,Howto & Style,5062,5000,80000,2018
Zach King,20700000,5410164682,Entertainment,6,0.03,0.5,2013
tuzelity SHUFFLE,20700000,8658941531,People & Blogs,889,138100,2200000,2015
NBA,20700000,12624879732,Sports,47926,18300,292100,2005
Deddy Corbuzier,20600000,4956090094,Entertainment,15,0.02,0.34,2007
Bizarrap,20600000,7657171980,Comedy,83,48300,772700,2017
Avicii,20600000,10292874715,Music,156,20300,324900,2009
Mnet K-POP,20500000,15038593883,Entertainment,33229,39600,634200,2006
LazarBeam,20500000,8768697257,Gaming,1323,6500,104300,2015
Ninja Kidz TV,20500000,11009148579,Entertainment,296,48800,780800,2017
Totoy kids - Portuguï¿½,20400000,1796227417,Film & Animation,206,9900,158000,2014
Jake Paul,20400000,7311322368,People & Blogs,1006,3700,58600,2013
Linkin Park,20400000,13397000296,Music,0,0,0,2006
Vijay Television,20400000,29406206620,Entertainment,51515,226900,3600000,2007
SlivkiShow,20400000,4707412332,Entertainment,462,7200,116000,2012
Emiway Bantai,20400000,3579555124,Music,239,10300,165200,2013
Got Talent Global,20300000,2441288701,Entertainment,1245,21600,345800,2013
ııııııııııııııı - Genevieve's Playhouse,20300000,11022391339,Education,107,17900,287100,2018
BabyBus - Cerita & Lagu Anak-anak,20300000,11819051552,Education,875,28200,451100,2019
Ami Rodriguez,20200000,2951914200,Entertainment,460,66000,1100000,2009
Noor Stars,20200000,2764127969,Comedy,693,3900,62200,2014
Family GamesTV,20200000,7066711323,Entertainment,0,0,0,2012
Kiddiestv Hindi - Nursery Rhymes & Kids Songs,20200000,7274150246,Education,226,28400,453700,2017
dednahype,20200000,20919403720,Comedy,1935,311200,5000000,2020
Marta and Rustam,20200000,19694265358,Comedy,761,113100,1800000,2021
MiawAug,20200000,6098644584,Gaming,3713,16100,258000,2014
CookieSwirlC,20100000,23353115850,Entertainment,3774,55400,886800,2013
Skrillex,20100000,6618524158,Music,241,6300,101100,2010
AuthenticGames,20100000,8920141342,Gaming,4974,1400,21700,2011
Robin Hood Gamer,20100000,10366850490,Entertainment,0,0,0,2013
Pencilmation,20100000,11317309935,Film & Animation,1481,3700,59400,2007
7clouds,20100000,14816075927,Music,2384,69200,1100000,2013
5-Minute Crafts PLAY,20100000,6119294270,Howto & Style,5491,26400,423100,2017
Marvel Entertainment,20100000,5634695322,Entertainment,1,0.02,0.25,2011
BuzzFeedVideo,20100000,17913237851,People & Blogs,7737,2300,36400,2011
REACT,20000000,13154314376,Entertainment,4339,5800,92800,2007
Vevo,20000000,559765455,Music,1527,333,5300,2006
Gordon Ramsay,20000000,3875172235,Entertainment,1527,9800,156900,2006
Pentatonix,20000000,6033295543,Music,1,0,0,2006
Green Gold TV - Official Channel,20000000,9715291883,Film & Animation,1476,0,0,2011
Gusttavo Lima Oficial,19900000,13917423958,Music,416,53700,859200,2010
HaerteTest,19800000,3234880084,Science & Technology,1411,1400,22600,2011
Crafty Panda,19800000,5759442450,People & Blogs,760,1500,24500,2017
SOMOY TV,19800000,12293479945,News & Politics,9930,4,65,2013
JennaMarbles,19700000,1803249241,Comedy,250,942,15100,2010
Troom Troom Es,19700000,7452667615,People & Blogs,2912,7300,117500,2016
Official Pink Panther,19700000,10955619815,Film & Animation,1,0,0,2011
Britain's Got Talent,19700000,11323617496,Entertainment,4225,13500,216800,2008
SCTV,19700000,9808676159,Entertainment,267,0.08,1,2006
AS Gaming,19600000,2851024430,Gaming,17,0.01,0.09,2009
Sony AATH,19600000,13930021471,Shows,18661,68600,1100000,2013
tabii Urdu,19600000,8779729549,Entertainment,1306,27700,443200,2020
DaFuq!?Boom!,19600000,7906181776,Film & Animation,214,576000,9200000,2016
Clash of Clans,19600000,3961318438,Gaming,674,5600,89200,2013
RKD Studios,19500000,5234251168,Entertainment,847,0,0,2014
DLS News,19400000,2255542592,News & Politics,4750,8000,128400,2017
JukiLop,19400000,1577859332,People & Blogs,85,595,9500,2017
etvteluguindia,19400000,23038014291,Entertainment,125974,68200,1100000,2010
FIFA,19400000,5529131886,Sports,10728,14700,235500,2006
Manoj  parihar,19300000,264228052,nan,335,9300,148700,2021
Vsauce,19300000,2897907132,Science & Technology,462,17400,278500,2007
Unbox Therapy,19300000,4508184467,Science & Technology,2175,4200,66900,2010
shane,19200000,4329121104,People & Blogs,570,683,10900,2005
Sonotek,19200000,7590582024,Entertainment,8285,7200,114700,2011
Jimmy Kimmel Live,19100000,13124645973,Entertainment,6526,4300,69000,2006
TheOdd1sOut,19100000,4566120190,Comedy,139,7700,123900,2014
Goldmines Great Indian Comedy,19100000,5194942269,Film & Animation,2948,16500,263700,2016
Lil Nas X,19100000,6339584661,Music,37,11500,184800,2018
ıııııııııııııı ıııı,19000000,4924054368,Education,60,5400,86300,2018
SUPER SLICK SLIME SAM,19000000,7229175322,Howto & Style,903,30800,493400,2018
Wow Kidz Action,19000000,8281724393,Film & Animation,1525,26400,422800,2017
Turma da Mï¿½ï¿½,19000000,13824277846,Film & Animation,1154,19200,307600,2012
Calvin Harris,19000000,16014044618,Music,79,25600,409600,2007
KBS WORLD TV,19000000,15126092508,Entertainment,64496,27000,432000,2007
HiMan,18900000,2855519150,People & Blogs,375,6100,98300,2014
Masha e o Urso,18900000,8301731337,Shows,0,0,0,2014
Little Angel Espaï¿½ï¿½ï¿½ï¿½ï¿½ï¿½ï¿½ï¿½ï¿½,18900000,9813245108,Education,719,35100,561600,2018
TED-Ed,18800000,3654621568,Education,2072,7500,119500,2011
Sidemen,18800000,5257834105,Entertainment,312,19500,312600,2015
Cardi B,18800000,7634430188,People & Blogs,9,0,0.03,2017
Busy Fun Ltd,18800000,7762077012,nan,2,0,0,2021
Farruko,18800000,9573641299,Music,217,24400,391000,2009
ıııııııııııııııııııııı,18800000,9594188708,Entertainment,530,17000,272000,2014
Triggered Insaan,18800000,3276891538,Comedy,304,27300,436100,2014
CKN,18700000,12295637162,Entertainment,16,0.03,0.41,2005
Ali-A,18700000,6148303268,Gaming,2,0,0,2016
Shemaroo Comedy,18600000,6047584292,Entertainment,4487,25600,409700,2007
Smile Family Spanish,18600000,7008250496,nan,457,10800,173600,2019
GRAMMY GOLD OFFICIAL,18600000,20196704276,Music,6287,42100,674400,2014
ıııııııı ıııııııııı ıııııııııı | Arab Games Network,18600000,8761255550,Gaming,6289,10800,172000,2013
Dan-Sa / Daniel Saboya,18500000,2908120896,Music,1329,0,0,2007
Marmok,18500000,3457618361,Gaming,374,9600,153100,2008
The ACE Family,18500000,4558380251,People & Blogs,712,709,11300,2016
Like Nastya Vlog,18500000,8147575884,People & Blogs,493,12200,195800,2016
Willie Salim,18500000,4051072188,People & Blogs,679,49300,789500,2014
PDK Films,18400000,4120324310,Entertainment,111,3600,57700,2009
TheWillyrex,18400000,7038827526,Comedy,6943,2800,44000,2011
RsiamMusic : ï¿½ï¿½ï¿½ï¿½ï¿½ï¿½ï¿½ï¿½,18400000,11544297793,Music,3159,13500,216500,2011
Dhar Mann,18400000,11280732382,People & Blogs,0,0,0,2007
shakiraVEVO,18400000,25367126292,Music,197,66800,1100000,2009
Naisa Alifia Yuriza (N.A.Y),18300000,1606834186,People & Blogs,786,4300,68300,2017
Miley Cyrus,18300000,7760819588,Entertainment,142,32000,511900,2009
IShowSpeed,18300000,1556003039,Gaming,1324,35100,561000,2016
Good Mythical Morning,18300000,8798044678,Entertainment,0,0,0,nan
Bobby chourasiya,18200000,9937823152,People & Blogs,442,117000,1900000,2019
INCRï¿½ï¿,18200000,3213324455,People & Blogs,6903,4500,72200,2017
Jake Fellman,18100000,13378360425,Entertainment,420,124300,2000000,2012
GEN HALILINTAR,18100000,3306242674,Entertainment,1037,6800,109200,2015
SQUEEZIE,18100000,9983065083,Gaming,1521,12000,192400,2011
Blippi - Educational Videos for Kids,18100000,14857290259,Education,707,45100,721600,2014
officialpsy,18100000,10703830496,Music,131,16200,260000,2010
Ajay Sharma,18100000,12249828886,Entertainment,0,0,0,2009
Manual do Mundo,18000000,3980991248,Howto & Style,2470,13700,219100,2006
How Ridiculous,18000000,9601137077,Sports,650,97800,1600000,2009
And TV,18000000,15412333005,Entertainment,45,0,0.02,2006
Sebastiï¿½ï¿½ï¿½,18000000,10463166404,News & Politics,237,27700,443100,2013
SonyMusicSouthVEVO,18000000,17921124985,Music,5692,64400,1000000,2014
TheGrefg,18000000,6404852037,Gaming,3566,11000,175300,2012
BeatboxJCOP,18000000,8716982055,Film & Animation,748,343800,5500000,2011
David Dobrik,17900000,7176572299,People & Blogs,536,2200,34600,2014
KatieAngel,17900000,3841205465,People & Blogs,982,12900,206700,2015
RobleisIUTU,17900000,5168721499,Entertainment,1344,6900,110200,2013
Lele Pons,17900000,5244917119,Comedy,185,4600,74200,2015
Demi Lovato,17900000,6888074944,Music,314,7300,116700,2008
Like Nastya VNM,17900000,9867515979,Entertainment,602,21100,337900,2019
Jason Derulo,17900000,9887116267,Music,830,112000,1800000,2008
MGC Playhouse,17900000,16174530046,Shows,1426,25700,410500,2009
Zuni and Family,17900000,6746269458,People & Blogs,2,0,0.02,2020
Priyal Kukreja,17800000,11057945183,People & Blogs,772,107800,1700000,2021
MSA previously My Story Animated,17800000,8588704539,Film & Animation,26,5,83,2021
ııııııııı KIMPRO,17700000,19206701832,nan,1646,850900,13600000,2017
Jane ASMR ï¿½ï¿½,17700000,7387621644,nan,1888,0,0,2012
ArianaGrandeVevo,17700000,20115544708,Music,178,24400,389700,2010
jaanvi patel,17700000,7912733203,People & Blogs,512,86700,1400000,2018
tanboy kun,17700000,3647267655,People & Blogs,739,12000,192700,2016
Lil Pump,17700000,4196061192,Music,60,0,0,2015
Porta dos Fundos,17700000,7739048000,Entertainment,2240,8800,141300,2012
News 24,17700000,8396875537,News & Politics,211620,92700,1500000,2006
Les' Copaque Production,17700000,9059696049,Film & Animation,1716,29400,470900,2009
El Payaso Plim Plim,17700000,17247584185,Film & Animation,1316,160000,2600000,2013
zbing z.,17600000,9269174070,Gaming,3151,13800,220500,2014
MissaSinfonia,17600000,2274007523,Comedy,233,6900,109800,2011
ııııııııı Liziqi,17600000,2977741577,Howto & Style,128,5600,89400,2017
The Game Theorists,17600000,3752347262,Gaming,0,0,0,nan
DeGoBooM,17600000,6306204566,Gaming,4702,25100,400900,2014
JFlaMusic,17600000,3802280098,Music,326,2800,44400,2011
FactTechz,17500000,2238134438,Entertainment,709,5300,84200,2016
News18 India,17500000,7263619576,News & Politics,182742,98500,1600000,2007
Fun For Kids TV - Hindi Rhymes,17500000,7612385622,Entertainment,149,27500,439400,2017
IGN,17500000,16107116549,Gaming,156215,24600,393400,2006
Aphmau,17400000,17763586483,Gaming,4411,110000,1800000,2012
AMARINTV : ï¿½ï¿½ï¿½ï¿½ï¿½ï¿½ï¿½ï¿½ï¿½ï¿½ï¿½ï¿½,17400000,13043561912,Entertainment,118448,59000,944000,2014
ıııııııııııııııı - Al-Remas,17400000,11144195464,Music,2133,28300,452000,2013
Koray Zeynep,17400000,16560557488,People & Blogs,2078,106600,1700000,2016
Apple,17300000,1026425106,Science & Technology,180,11600,185900,2005
Stubborn Facts,17300000,902225615,Film & Animation,287,209,3400,2016
Taarak Mehta Ka Ooltah Chashmah,17300000,11371738047,Entertainment,4778,83000,1300000,2014
HowToBasic,17300000,3684816159,Howto & Style,582,3900,62100,2011
PopularMMOs,17200000,14573155899,Gaming,4685,3800,61200,2012
Marques Brownlee,17200000,3606912471,Science & Technology,1567,13100,209300,2008
Anitta,17200000,7337212581,Music,138,18200,290700,2011
Jason Vlogs,17200000,8903647480,Education,83,0.01,0.1,2014
El Reino a Jugar,17200000,11445492404,Education,1007,20900,334800,2015
Willyrex,17200000,5024088947,Gaming,7550,3900,61600,2009
TheBrianMaps,17100000,4448334716,Comedy,498,9300,148700,2012
TRANS TV Official,17100000,9710962528,Entertainment,148225,11500,183200,2014
Liza Koshy,17100000,2173106162,Comedy,142,440,7000,2013
Queen Official,17000000,10847948832,Music,1015,23400,375100,2008
Prajapati News,17000000,1001465469,Comedy,1407,1900,30500,2013
Gaby and Alex,17000000,8229883114,Entertainment,1,0,0,2008
LuisFonsiVEVO,17000000,14543594822,Music,97,12500,199300,2009
Pop Chartbusters,16900000,8684010451,Music,2235,18200,291600,2011
Guava Juice,16900000,9111000228,Gaming,1910,2700,43600,2006
EeOneGuy,16900000,3827906874,Entertainment,366,409,6500,2013
VICE,16900000,4609753237,Entertainment,3900,9100,145400,2005
Aayu and Pihu Show,16900000,9270331567,Comedy,441,22400,359100,2017
Danny Fitt,16900000,9544277833,People & Blogs,2337,68800,1100000,2016
Bispo Bruno Leonardo,16900000,3523578665,Nonprofits & Activism,4891,37400,598200,2016
DeToxoMoroxo,16800000,2315962318,Entertainment,1,0,0,2016
Doggy Doggy Cartoons,16800000,6518418501,Entertainment,0,0,0,2018
deepesh zo,16800000,7206462713,People & Blogs,41,0,0,2021
Like Nastya IDN,16800000,7195314800,Entertainment,502,10700,171300,2019
Gato Galactico | GALï¿½ï¿,16800000,3693798804,Film & Animation,1491,11000,176500,2013
Salman Noman,16700000,10393037902,Entertainment,3,0,0.03,2022
CoryxKenshin,16700000,7102965621,Gaming,1693,26300,420500,2009
With Kids[ï¿½ï¿½ï¿½ï¿½ï,16700000,8826138204,Entertainment,920,11400,182800,2012
Travis Scott,16700000,7979736581,Music,13,9,150,2010
Tu COSMOPOLIS,16700000,5089284369,People & Blogs,8741,4000,64600,2014
Ivana Alawi,16600000,1318442641,nan,180,3800,60300,2018
Werever2morro,16600000,2798273962,Entertainment,0,0,0,2010
IDEAS EN 5 MINUTOS,16600000,3696973456,Howto & Style,216,16,262,2017
NMF News,16600000,7435180827,News & Politics,112261,14800,236800,2013
SriBalajiMovies,16600000,9439857193,Entertainment,20102,38500,616200,2011
Lahari Music - TSeries,16600000,11946217860,Music,8976,22300,356000,2011
Younes Zarou,16600000,15278668857,Entertainment,2200,154300,2500000,2021
Jordan Matter,16600000,5819508534,Entertainment,413,49800,796100,2006
ıııııııı ıııııııııııııııııııııı,16500000,2440934034,Entertainment,421,5500,87800,2014
FailArmy,16500000,3037260680,Comedy,438,28200,451900,2011
BBC News Hindi,16500000,7043235131,News & Politics,21243,32800,524800,2009
FunFun Toy Doll TV,16500000,7406207930,Entertainment,735,6100,97500,2016
Sandra Cires Art,16400000,3955426159,Howto & Style,1091,4500,72100,2011
Kaykai Salaider,16400000,4434679706,Comedy,428,2300,37400,2011
UFC - Ultimate Fighting Championship,16400000,7135820721,Sports,14662,33300,532800,2006
Ch7HD,16400000,9463244435,Entertainment,56203,21900,351000,2010
RCTI - LAYAR DRAMA INDONESIA,16400000,13478392540,Entertainment,1,0,0,2020
Alfredo Larin,16400000,14431830557,Entertainment,1,0,0,2015
GMMTV OFFICIALï¿½ï¿½,16400000,12844432341,Entertainment,23952,45300,725500,2010
Matt Stonie,16300000,3527627264,Entertainment,54,7,119,2010
Boyce Avenue,16300000,6578828147,Music,490,7200,115100,2007
Camila Cabello,16300000,6613422635,Music,80,10700,170800,2015
Little Mix,16300000,7520242626,Music,278,9700,154400,2011
SAM SMITH,16300000,10170264839,Music,230,21400,343100,2012
Pitbull,16300000,12475714382,Music,352,22000,352000,2006
Bollywood Classics,16300000,7141825267,Entertainment,1444,37900,605900,2011
Technoblade,16300000,1656452554,Gaming,989,4500,71800,2013
W2S,16300000,4768370464,Gaming,652,770,12300,2012
Jennifer Lopez,16200000,10227242833,Music,258,15900,253800,2005
Kids Play,16200000,8091706232,Entertainment,593,6500,103600,2018
T3ddy,16200000,2990185467,Comedy,1930,8300,132100,2012
JJ Olatunji,16200000,4076692623,Gaming,1294,7000,111200,2011
POPS Kids,16200000,9763592867,Music,3943,64200,1000000,2014
Thairath Online,16200000,14563841315,News & Politics,244899,56200,899000,2010
LEGO,16200000,20522339099,Entertainment,31889,29300,468800,2005
XO TEAM,16200000,14784781923,People & Blogs,189,9,152,2020
AdMe,16200000,4488680903,Entertainment,10,0,0.02,2006
ExtraPolinesios,16200000,4813127504,People & Blogs,2,0.13,2,2015
Dyland PROS,16100000,1517638132,Entertainment,2805,2400,38500,2015
Live,16100000,0,nan,0,0,0,2015
Vlad and Niki ARA,16100000,7399296005,nan,510,8000,128000,2019
Canal IN,16100000,2687443643,People & Blogs,723,3500,55200,2017
TWICE,16100000,5055576881,Music,1123,24700,394900,2016
Daily Dose Of Internet,16100000,6872702790,Entertainment,671,100000,1600000,2015
FitDance,16100000,7126210721,Music,41,0.2,3,2006
Panda Shorts,16100000,7155736006,nan,667,119600,1900000,2020
Disney Junior,16100000,15812009296,Entertainment,4045,66800,1100000,2008
La Rosa de Guadalupe,16100000,9642146451,Entertainment,0,0,0,2008
sagar kalra (Shorts),16000000,6543629679,People & Blogs,453,18500,296200,2017
wifistudy,16000000,3018032423,Education,52144,3600,57100,2014
Antrax,16000000,3029872908,Gaming,687,1200,18800,2015
Enes Batur,16000000,9786595271,Gaming,0,0,0,2007
Totoy kids - Espaï¿½ï,16000000,5997599089,Film & Animation,344,28100,449600,2017
ıııııııııı,15900000,1845329502,People & Blogs,0,0,0,2017
DopeLyrics,15900000,9962188084,Music,2035,2500,39700,2016
jeffreestar,15900000,2609358468,Howto & Style,433,502,8000,2006
Lyna,15900000,6534326412,Gaming,4906,16000,256300,2014
MK MUSIC,15900000,9198986881,Music,5105,34100,545600,2010
Unspeakable,15900000,9052367553,Gaming,796,41200,659600,2016
Camilo,15900000,6802382479,Music,132,15000,239600,2010
Dear Sir,15800000,1349288771,Education,633,6000,96200,2016
Narendra Modi,15800000,3392918989,News & Politics,20679,46500,743900,2007
Arif muhammad,15800000,4122634467,People & Blogs,542,18000,287500,2017
Rotten Tomatoes Trailers,15800000,13116313599,Film & Animation,10441,6400,103000,2011
Volga Video,15700000,9787697838,Film & Animation,16874,12800,205300,2012
DM - Desi Melodies,15700000,5914071870,Music,79,35500,567400,2017
MY FAMILY,15700000,6153495609,nan,150,235,3800,2019
Team Films Bhojpuri,15700000,6626563508,Music,19703,7700,123000,2014
Zee Music Classic,15700000,5558051295,Music,1640,21600,345800,2014
Prime Video India,15700000,8696631898,Entertainment,7090,83800,1300000,2016
Caeli YT,15600000,1511794214,Entertainment,483,0,0,2010
Kuplinov ï¿½ï¿½ï¿,15600000,6862529416,Gaming,6623,24700,394600,2012
Linus Tech Tips,15600000,7172386509,Science & Technology,6542,22100,352900,2008
Juliana Baltar,15600000,3869457097,Entertainment,2019,14100,224900,2010
5-Minute Crafts FAMILY,15600000,6165757696,People & Blogs,4245,6800,109500,2018
Blippi Espaï¿½ï,15500000,8984089026,People & Blogs,598,22500,360000,2017
Super Senya,15500000,5070970714,Entertainment,0,0,0,2017
Katakit Baby TV,15500000,6386271870,Music,220,22700,363700,2010
Infobells Bangla,15500000,7776706184,Education,359,42000,671600,2016
ıııııııı ıı ıııııııı,15500000,8265129639,Shows,1021,33800,540100,2017
Henrique e Juliano,15500000,14619523361,Music,325,40900,654700,2009
Mr DegrEE,15500000,12880388253,Science & Technology,0,0,0,2016
Kashvi Adlakha,15500000,12714141740,Entertainment,1525,34800,556500,2017
Talking Tom & Friends,15500000,6396049701,Entertainment,417,6800,109500,2010
ıııııııı ıııııııııııııı ıııı 5 ıııııııııı,15500000,4499826716,Howto & Style,5183,8200,131700,2017
Harsh Beniwal,15400000,1781226000,Comedy,165,7000,111900,2015
FFUNTV,15400000,11513738907,Gaming,379,20000,320700,2018
Mobile Legends: Bang Bang,15400000,1543608082,Gaming,1647,13800,221500,2016
Roman Atwood Vlogs,15400000,5469103954,People & Blogs,1756,396,6300,2013
Mrwhosetheboss,15400000,3736069980,Science & Technology,1577,41900,670800,2011
Genierock,15400000,14564170905,Music,1725,20700,331200,2008
zayn,15400000,4909687948,Music,21,9200,147200,2016
Kerajinan 5-Menit,15400000,4750420071,People & Blogs,4186,4900,79000,2018
FC Barcelona,15300000,2656528205,Sports,10988,21200,339500,2006
Dave and Ava - Nursery Rhymes and Baby Songs,15300000,10714145606,Education,851,19300,308200,2014
LOKESH GAMER,15300000,1640078055,Gaming,1397,1500,23700,2017
ILYA BORZOV,15300000,9938811455,People & Blogs,2175,118900,1900000,2021
Mazhavil Manorama,15300000,16545966132,Entertainment,87864,90400,1400000,2011
Pokï¿½ï¿½ï¿½ï¿½ï¿½ï¿½ï¿½ï¿½ï¿½,15200000,857725714,People & Blogs,194,16300,261500,2017
The MriDul,15200000,4503880875,Comedy,106,24600,393300,2015
Niana Guerrero,15200000,1491452935,Entertainment,443,2500,39900,2013
SRK MUSIC,15200000,6391679636,Music,5056,14500,231200,2012
Sony LIV,15200000,7151683497,Entertainment,11099,52700,843600,2014
T-Series Hamaar Bhojpuri,15200000,7564652648,Entertainment,9862,26500,423900,2011
Oyuncak Avï¿,15200000,8333387785,Entertainment,654,1100,17700,2014
CNN,15200000,14198154095,News & Politics,160405,46800,748000,2005
NDTV India,15200000,6624168155,News & Politics,91704,12400,198600,2008
It's Mamix,15100000,1777072487,People & Blogs,210,4000,63900,2017
Kim Loaiza,15100000,1576633086,Music,18,6500,104200,2019
Daftar Populer,15100000,2143140898,Education,3810,4300,68900,2017
Musas,15100000,2400037562,Howto & Style,159,0.02,0.34,2006
Ranz Kyle,15100000,1760131384,People & Blogs,533,3100,49500,2008
PowerfulJRE,15100000,3060202847,People & Blogs,1037,10900,173600,2013
Mariale,15100000,2761547758,Howto & Style,2618,3000,47800,2010
Makiman131,15100000,4236036141,Gaming,2997,1500,23900,2013
Hongyu ASMR ï¿½ï¿½,15100000,4967784343,People & Blogs,1,0,0,2021
Mohamed Ramadan I ï¿½ï¿½ï¿½ï¿½ï¿½ï¿½ï,15100000,5324913850,People & Blogs,753,11500,184200,2014
EdisonPts,15100000,6668507856,Gaming,3733,23900,382400,2013
BIGBANG,15100000,7857371770,Music,776,10200,163200,2005
Rubï¿½ï¿½ï¿½ï¿½ï¿½ï¿½,15100000,9477021288,Comedy,921,128100,2000000,2016
ABS-CBN News,15100000,10489367372,News & Politics,209520,45400,726600,2009
Chapitosiki,15100000,13897932103,Entertainment,2717,178400,2900000,2020
AdeleVEVO,15100000,12413869881,Music,52,21200,339000,2009
MoreAliA,15000000,4352427049,Gaming,2324,62700,1000000,2013
Chetan Monga Vlogs,15000000,9924103188,People & Blogs,899,28400,454300,2014
Little Angel - Mï¿½ï¿½ï¿½ï¿½ï¿½ï¿½ï¿½ï¿½ï¿½ï¿½,15000000,8897705695,Entertainment,795,36400,581900,2018
League of Legends,15000000,7159750970,Gaming,1362,10800,172500,2009
TheRichest,15000000,2730879024,Education,0,0,0,2006
XpressTV,15000000,4008801873,Entertainment,724,8500,135500,2014
PlayStation,15000000,4741434420,Gaming,20292,10400,167200,2005
Kwebbelkop,15000000,6889304306,Gaming,5198,7400,118900,2008
Republic Bharat,15000000,7536093065,News & Politics,206,0.25,4,2018
THE BROWN SIBLINGS,15000000,8658553456,Entertainment,965,25600,409400,2016
Sony Music South,15000000,9978734160,Music,2726,60500,968700,2014
BigSchool,15000000,9996133066,Gaming,68,0,0,2020
Ray William Johnson,15000000,10239836582,Entertainment,1803,78200,1300000,2008
KOMPASTV,15000000,11827310821,News & Politics,269050,28300,452300,2013
ISSEI / ï¿½ï¿½ï¿½ï¿½,15000000,13562853889,Comedy,1788,70600,1100000,2014
Zï¿½ï¿½ï¿½ï¿½ï¿½ï¿½ï,15000000,11506702632,Music,340,45700,731500,2012
A2 Motivation by Arvind Arora,15000000,8932038210,Entertainment,3168,32700,522900,2017
50 Cent,14900000,10069000444,Music,419,30000,479200,2007
MNCTV OFFICIAL,14900000,8074260978,Entertainment,66362,10900,174300,2012
ERB,14900000,4033400167,Entertainment,86,2800,44200,2006
melanie martinez,14900000,4395184343,Music,127,14100,225400,2007
iTownGamePlay *Terror&Diversiï¿½ï,14900000,4977284539,Entertainment,8420,3500,55400,2012
ıııııııııııı8 : Thai Ch8,14900000,5549770244,Entertainment,27944,12400,198200,2011
ZutiGang,14900000,15913320995,People & Blogs,1363,86700,1400000,2021
ıııııı,14900000,439098,People & Blogs,1,2,31,2008
TazerCraft,14900000,5956193599,Gaming,4175,9900,159100,2011
Bayashi TV,14900000,8615618825,Entertainment,93,0.62,10,2012
Fueled By Ramen,14800000,13356517783,Music,1210,15300,244800,2006
CrashCourse,14800000,1833519700,Education,1481,1800,28700,2006
MattyBRaps,14800000,3587576784,Music,195,5700,91900,2010
Lachlan,14800000,5269059435,Gaming,3834,5300,84300,2013
ıııııııı ıııııııı,14800000,7018015062,Howto & Style,2387,11800,188500,2015
Meghan Trainor,14800000,8649303688,People & Blogs,233,12900,206600,2008
Jorge & Mateus Oficial,14800000,9076642765,Music,318,22000,352500,2008
Major Lazer Official,14800000,9383431376,Music,0,0,0,2013
Beast Philanthropy,14800000,272678287,People & Blogs,34,9,152,2015
Filaretiki,14800000,15788208522,nan,2222,300800,4800000,2021
5-Minute Crafts Recycle,14800000,8866012877,People & Blogs,3867,13300,212700,2019
ıııııııııı ıııııııııııı,14700000,2230986039,Entertainment,1385,673,10800,2016
Maha Fun Tv,14700000,1321380490,Entertainment,85,1200,19100,2017
Canal Nostalgia,14700000,1506796393,Entertainment,554,57,906,2010
The Slow Mo Guys,14700000,2465473772,Entertainment,317,4700,75900,2010
StudyIQ IAS,14700000,4029253667,Education,43564,18600,297900,2015
Chad Wild Clay,14700000,6751985988,Comedy,698,9100,145400,2006
CollegeHumor,14700000,7255848125,Comedy,4340,0,0,2006
Netflix Jr.,14700000,8882319696,Education,1996,19900,317600,2012
Colors Rishtey,14700000,12362331529,Entertainment,23490,86900,1400000,2013
ABC News,14700000,12961669452,News & Politics,80830,46400,742800,2006
Camila Loures,14700000,4684983333,Music,3978,10200,163900,2014
Doc Tops,14600000,2613197447,Entertainment,490,4100,65600,2014
Auron,14600000,3337074920,People & Blogs,961,15100,242300,2013
Jesser,14600000,3603556207,Gaming,1244,23100,370400,2012
Planeta das Gï¿½ï¿½,14600000,4622581344,People & Blogs,951,2600,42200,2015
PrestonPlayz,14600000,5766647017,Gaming,4009,37900,606800,2012
Martin Garrix,14600000,6017932195,Music,365,8900,142100,2011
O Reino Infantil,14600000,11182302317,Music,1206,27500,439500,2014
Fifth Harmony,14600000,7952268926,Music,67,9400,150500,2013
Mis Pastelitos,14600000,2750902766,Howto & Style,603,12700,202700,2014
Noman Official,14600000,5525773746,Comedy,560,34800,556500,2019
LEGENDA FUNK,14500000,2440718089,Music,0,0,0,nan
Like Nastya Stories,14500000,6944967581,Entertainment,479,7500,119800,2019
les boys tv2,14500000,4577292740,Entertainment,453,112,1800,2017
Lotus Music,14500000,1739129375,nan,514,5800,92100,2021
IDEIAS INCRï¿½ï¿½,14500000,3551889957,Howto & Style,5430,709,11400,2017
Reaction Time,14500000,4260187928,Entertainment,1717,2500,39600,2015
BBC News,14500000,4598387043,News & Politics,18972,16600,265100,2006
Eli Kids - Cartoons & Songs,14500000,4821183481,nan,605,37300,597000,2018
Boram Tube ToysReview [ï¿½ï¿½ï¿½ï¿½ï¿½ï¿½ï¿½ï¿½ï¿,14500000,5014888374,People & Blogs,618,1200,19800,2016
Aadishakti Films,14500000,6290721701,Music,4790,12100,193800,2016
Telemundo,14500000,8582696157,Entertainment,19201,12100,193100,2007
GMM25Thailand,14500000,9383692066,Entertainment,68606,11400,182500,2011
TV9 Bharatvarsh,14500000,10303519926,People & Blogs,293516,104600,1700000,2018
Maroon5VEVO,14500000,20042571499,Music,147,24500,392700,2009
Saad Lamjarred | ï¿½ï¿½ï¿½ï¿½ï¿½ï¿,14500000,4315486422,Music,176,9400,150300,2012
Hear This Music,14500000,9201428420,Music,39,12000,192800,2016
Lilly Singh,14500000,3517662420,Comedy,1064,1300,21300,2010
ııııııııııııııııııııı,14400000,600154268,Entertainment,364,342,5500,2017
Gyan Gamingï¿½,14400000,2224121890,Gaming,3086,3500,55600,2017
Drawblogs,14400000,1629801448,Entertainment,399,251,4000,2014
NOBRU,14400000,351763324,Gaming,2,0,0.01,2006
ıııııııııııı ıııııııııııı I ıııııı ıı ıııııııııı,14400000,2972474215,Entertainment,381,1200,18700,2017
Cyprien,14400000,3086254545,Comedy,222,2900,45700,2007
Rclbeauty101,14400000,3900312631,Comedy,463,2200,34500,2010
Coke Studio,14400000,4035738731,Music,450,889,14200,2008
Indore Physical Academy,14400000,4156427797,People & Blogs,1838,17600,281600,2014
Rosanna Pansino,14400000,4597228794,Howto & Style,1248,6700,106700,2010
Harry Styles,14400000,5689224452,People & Blogs,0,0,0,nan
Vlad and Niki PRT,14400000,6543282459,nan,516,10000,160400,2018
RS 1313 SHORTS,14400000,8011977288,Entertainment,5628,53200,850600,2020
Zig & Sharko,14400000,9023952946,Film & Animation,978,15700,250800,2015
SelenaGomezVEVO,14400000,11423792969,Music,186,22200,354600,2009
ZEE5,14400000,18515587421,Entertainment,101401,37400,599200,2018
Super Polina,14300000,4776507159,People & Blogs,576,103,1700,2014
Rebecca Zamolo,14300000,6388439235,Comedy,1,0,0,2011
Wish 107.5,14200000,6048517979,Music,1823,15700,250600,2014
Invento na Hora,14200000,4040297006,Film & Animation,1281,4800,76100,2014
SIS vs BRO,14200000,6973932553,Entertainment,60,0.03,0.42,2016
NikkieTutorials,14200000,1778318927,Howto & Style,876,9000,143700,2008
TommyInnit,14200000,2084791147,Gaming,342,13600,217200,2015
E-MasterSensei,14200000,3920559552,Gaming,1300,11100,178300,2016
infobells - Kannada,14200000,6554000320,Education,433,35400,566800,2014
Crazy Frog,14200000,7946322061,Music,0,0,0,2005
The Dodo,14200000,9964116817,Pets & Animals,8,2,29,2006
SEVENGERS,14200000,10238593147,Comedy,872,92000,1500000,2018
Zee Bangla,14200000,11428794827,Entertainment,132398,15000,239700,2008
DangMattSmith,14200000,3317805543,Entertainment,1724,3200,51600,2011
Neha Kakkar,14100000,2131548711,Music,149,6400,102400,2012
#Refugio Mental,14100000,3594936775,Entertainment,846,1700,27800,2013
ıııııııııııııııııııı ıııııııııııııııııııı,14100000,3920221322,Entertainment,65,5,81,2017
Trap City,14100000,5129529846,Music,3,0.04,0.59,2015
Supercar Blondie,14100000,5405563355,Autos & Vehicles,855,88300,1400000,2007
Yudist Ardhana,14100000,6036496916,Entertainment,2854,44000,704200,2016
Lana Del Rey,14100000,6884215292,Music,43,33900,542300,2011
MalumaVEVO,14100000,19013942981,Music,182,24700,395300,2011
F2Freestylers - Ultimate Soccer Skills Channel,14100000,3280481927,Sports,777,2600,40900,2011
Bie The Ska,14100000,4627069704,Entertainment,1540,3100,50000,2006
AM3NlC,14000000,4959982720,Gaming,5757,2600,40800,2012
Narins Beauty,14000000,2214167846,Howto & Style,431,3400,54800,2014
TV Ana Emilia,14000000,4674164601,People & Blogs,651,6700,107100,2014
ıııııııııııı,14000000,7719743112,Gaming,2210,37600,602300,2013
Luli Pampï¿½,14000000,8623705301,Music,294,50400,806600,2012
Gallina Pintadita,14000000,9660950823,Music,62,17700,282500,2011
ViralHog,14000000,18917687143,People & Blogs,41117,340900,5500000,2014
ETV Jabardasth,14000000,13542939513,People & Blogs,9652,33400,534300,2015
Zee Telugu,14000000,12597067132,Entertainment,3,0,0.03,2007
Crescendo com Luluca,14000000,5094050461,Entertainment,1307,17000,272200,2015
Jazzghost,13900000,5673347763,Gaming,5494,26700,426900,2012
karameeshchannel,13900000,9106781518,Entertainment,2254,21900,350600,2012
Darkar Company Studios,13900000,2244318380,Film & Animation,183,1100,18400,2009
Dental Digest,13900000,7450345720,People & Blogs,324,57900,926200,2020
T-Series Regional,13900000,5217553897,Entertainment,15075,8400,133900,2011
ADEL et SAMI,13900000,5465532801,Entertainment,503,6700,107500,2018
Jamuna TV,13900000,12129583055,News & Politics,6,0,0,2021
Atlantic Records,13900000,12513842343,Music,1660,24300,389100,2006
ıııııııı ıı ıııııııııııı,13900000,8451754769,nan,504,28600,457000,2018
Veritasium,13900000,2165885634,Education,369,11000,176600,2010
Alexa Rivera,13900000,3193226072,Howto & Style,288,35700,571000,2010
Airrack,13800000,2224911030,Entertainment,173,24900,398600,2015
Hacksmith Industries,13800000,1820559912,Science & Technology,887,21000,335800,2006
JD Pantoja,13800000,1493776391,People & Blogs,16,3400,54100,2017
ıııııııı/Atro,13800000,2480957682,Gaming,1952,13800,220500,2017
123 GO! Spanish,13800000,5019136690,People & Blogs,520,6600,106100,2019
Geo News,13800000,5727888539,News & Politics,190093,25000,400200,2007
Kids TV India Hindi Nursery Rhymes,13800000,6646953396,Shows,1505,19700,314600,2014
Think Music India,13800000,11039343563,Music,4978,54300,868400,2009
O Que Nï¿½ï¿½ï¿½ï¿½ï¿½ï¿,13700000,1967930734,Comedy,696,22000,351200,2015
Goldmines Premiere,13700000,1973638757,Entertainment,975,9400,150600,2013
MAIKI021,13700000,1950178163,Entertainment,3298,1900,29800,2008
The Vishal bhatt,13700000,9596430464,Comedy,1040,94800,1500000,2021
NishaMadhulika,13700000,2939201386,Howto & Style,2158,5600,88900,2009
MyMissAnand,13700000,4963275018,People & Blogs,340,7000,111500,2014
FAPTV,13700000,5457203710,Comedy,863,8800,140500,2014
Wesley Safadï¿½,13700000,8134379376,Music,438,16000,256200,2009
infobells,13700000,5178142148,Education,495,6000,95600,2011
Desi Gamers,13700000,2135195239,Gaming,1,0,0.02,2020
Acenix,13600000,2122062016,Gaming,368,11900,189700,2014
Zeinab Harake,13600000,896891351,nan,273,3000,48400,2017
DALLMYD,13600000,1948925559,Sports,412,7700,122700,2011
Lindsey Stirling,13600000,3764608356,Music,199,3800,61100,2007
JOJO TV - Hindi Stories,13600000,5141201173,Education,1097,2700,43100,2016
BBC,13600000,9685060624,Pets & Animals,16047,11100,177700,2005
Saturday Night Live,13600000,14717282742,Entertainment,8335,14200,226500,2013
BUDI01 GAMING,13500000,1181292450,Gaming,319,3400,53700,2019
Typical Gamer,13500000,4301581610,Gaming,4312,8100,130200,2008
Anaysa,13500000,3445794123,Howto & Style,591,7400,118800,2012
JULIA GISELLA,13500000,5380132790,Entertainment,19,0.4,6,2015
Awakening Music,13500000,5545936485,Music,814,8800,141200,2006
Lady Diana,13500000,8265920659,Entertainment,1403,18800,300600,2016
Sanjoy Das Official,13500000,3912334359,Entertainment,1793,44800,716900,2015
Woody & Kleiny,13500000,11717217293,Comedy,975,123900,2000000,2013
Vijay Kumar Viner Vlogs,13500000,7958771872,Entertainment,1357,27500,439300,2019
Conor Maynard,13500000,2750993392,Music,321,2700,43100,2006
Wengie,13500000,1900272833,Howto & Style,462,334,5300,2010
Vlad y Niki Show,13400000,4622628957,nan,477,23100,368900,2018
Codiscos,13400000,11789678655,Music,7356,57200,915600,2007
The World Adventures ï¿½ï¿½ï¿½ï¿½ï¿½ï¿½,13400000,2139769210,People & Blogs,1028,261,4200,2016
Vibhu 96,13400000,20563378,nan,256,5100,81100,2022
Blockbuster Movies,13400000,2650061211,Entertainment,0,0,0,2017
ATHLEAN-Xï¿½,13400000,2319515787,Howto & Style,1349,3600,58000,2006
My Mate Nate,13400000,3363634923,Comedy,1195,10400,166700,2014
H2ODelirious,13400000,4356686216,Gaming,3727,4200,67100,2007
GMA Integrated News,13400000,9569814790,News & Politics,296272,28900,461800,2007
Peet Montzingo,13400000,10022557589,People & Blogs,319,99400,1600000,2014
The Q,13400000,4306212515,People & Blogs,96,0,0.01,2006
Trakin Tech,13300000,2262690743,Science & Technology,3640,10900,174700,2011
theRadBrad,13300000,6050102764,Gaming,8195,3900,62800,2006
Matt Steffanina,13300000,3299216601,Entertainment,331,482,7700,2007
Stray Kids,13300000,3364230487,People & Blogs,3,0,0.01,2007
Kurt Hugo Schneider,13300000,3733856870,Entertainment,698,1100,16900,2007
Vogue,13300000,4177184071,Entertainment,3166,11300,180400,2008
ıııııııııııııııııı,13300000,6482687220,People & Blogs,608,22600,361000,2015
Kids Lineï¿½ï¿½ï¿½ï¿½ï¿½ï¿½ï¿½,13300000,9088562002,People & Blogs,2742,40500,647600,2011
VexTrex,13300000,7923901253,Entertainment,2411,0,0,2014
penguinz0,13300000,7773543609,Gaming,4613,47200,755800,2007
Just For Laughs Gags,13300000,7406628736,Comedy,6916,4400,69900,2007
Kabita's Kitchen,13300000,2831275503,Howto & Style,1489,10800,172500,2014
BanderitaX,13300000,4129249415,Gaming,1640,17700,282800,2013
AzzyLand,13300000,6412313570,Gaming,1749,1300,21500,2015
HUBAï¿½ï¿½,13200000,9884886099,Entertainment,538,79900,1300000,2021
BIBO ï¿½ï¿½ï¿½ï¿½ï¿½ï¿,13200000,1148422000,Entertainment,192,2200,35100,2019
Brawl Stars,13200000,2036408398,Gaming,172,5100,81500,2017
Ei Nerd,13200000,3568392223,Entertainment,0,0,0,2007
Sonotek Bhakti,13200000,3789736218,Entertainment,8019,6300,101300,2010
Vilmei,13200000,4205664894,nan,1324,66100,1100000,2013
MC Divertida,13200000,5224764969,Entertainment,413,16100,258100,2018
The Infographics Show,13200000,5263540904,Education,4279,13000,207300,2011
jbalvinVEVO,13200000,20743586601,Music,237,21600,345100,2010
ııııııTwinsFromRussia,13200000,9378175604,People & Blogs,6888,29800,477600,2011
Technology Gyan,13200000,1138262456,Science & Technology,1022,4600,74100,2015
CookingShooking Hindi,13200000,1758603195,People & Blogs,393,2900,46000,2017
Ryan Trahan,13100000,2182651464,Entertainment,33,0.06,0.99,2022
Alex Gonzaga Official,13100000,1401914513,People & Blogs,287,2700,43400,2017
WiederDude,13100000,2733682792,nan,289,14200,227600,2016
Ian Boggs,13100000,9110348202,Entertainment,1327,82300,1300000,2010
Lokdhun Punjabi,13100000,4712624489,Music,1262,8600,137800,2010
Knowledge Tv ï¿½ï¿½ï¿½ï¿½ï¿½ï¿½,13100000,1936582704,People & Blogs,7,0,0.01,2019
Painzeiro,13100000,2555801802,People & Blogs,1077,11000,176000,2015
Peppa Pig em Portuguï¿½ï¿½ï¿½ï¿½ï¿½ï¿½ï¿½ï¿½ï¿,13100000,4214172991,Film & Animation,1365,6800,109400,2014
ııııııııııııııı Ms Yeah,13100000,4399833602,People & Blogs,435,15200,242600,2017
Hungria Hip Hop,13100000,4608751851,Music,73,12100,192900,2013
RaptorGamer,13100000,2879263916,People & Blogs,1444,15700,251600,2016
RedeTV,13100000,5333569294,Entertainment,36760,4400,70400,2011
twenty one pilots,13100000,5264039679,Music,194,12700,203700,2009
DJ Khaled,13100000,6637820731,Music,12,0.09,2,2006
Davie504,13000000,2683297849,Entertainment,838,7500,119500,2011
Everson Zoio,13000000,1024467771,Comedy,625,763,12200,2009
Calon Sarjana,13000000,10664585,Entertainment,29,0,0,2016
Lofi Girl,13000000,1698279553,Music,409,7600,121900,2015
Jomy Production,13000000,5057163256,Entertainment,8,0,0.01,2021
GH'S,13000000,8739174649,Gaming,510,270300,4300000,2020
JesseAndMike,13000000,9999238237,Entertainment,716,10300,164400,2007
Wolfoo Channel,13000000,301547793,nan,22,0.15,2,2021
Susy Mouriz,13000000,6270909026,Entertainment,1299,92100,1500000,2017
7 Minutoz,13000000,4349562794,Music,521,7400,118100,2012
The LaBrant Fam,13000000,4637474071,Comedy,612,0,0,2012
Pastor Antï¿½ï¿½ï¿½ï¿½ï,12900000,2112274210,People & Blogs,4712,7900,127200,2013
Matheus Yurley,12900000,140022442,Entertainment,69,37,591,2015
gymvirtual,12900000,2509752944,Sports,1572,3000,48000,2010
BIBOï¿½ï¿½ï¿½ï¿½ï,12900000,3178222797,Entertainment,193,1000,16000,2016
Top Viral Talent,12900000,3643698504,Entertainment,1598,7300,117500,2014
Akon,12900000,6300933122,Music,39,22800,365000,2005
AlArabiya ï¿½ï¿½ï¿½ï¿½ï¿,12900000,7520379951,People & Blogs,169304,20100,320900,2006
Rauw Alejandro,12900000,11504090820,Music,168,51400,822200,2014
EnriqueIglesiasVEVO,12900000,15446707595,Music,137,18900,303100,2009
ıııııııı ıııı ıııııııııııııı,12900000,5585085130,Shows,1255,17800,284500,2014
The Shiny Peanut,12900000,2848466522,Education,2337,209,3400,2016
Talking Angela,12800000,3632438963,Entertainment,233,7000,111800,2014
Melon City Show - ï¿½ï¿½ï¿½ï¿½ï¿½ï¿½ï¿½ï¿½ï¿½ï¿½ï¿,12800000,5863456698,Comedy,1727,8800,141300,2016
Duo Tiempo De Sol,12800000,6662288136,Music,323,13500,216000,2013
Troom Troom India,12800000,6804072897,Howto & Style,2385,4300,69100,2015
MrSuicideSheep,12800000,6970899521,Entertainment,3483,4500,72500,2010
Adam W,12800000,9502983550,Comedy,681,57200,915800,2015
Right to Shiksha,12800000,7876740921,Education,2044,53400,855000,2020
Beyoncï¿½ï¿½,12800000,14185611472,Music,168,22400,358300,2009
FACT FIRE KING,12700000,1159290255,nan,782,12800,205200,2020
Ian Lucas,12700000,1450874545,Entertainment,50,0,0,2016
Franco Escamilla,12700000,4266957149,Comedy,2483,19400,309900,2007
Adexe & Nau,12700000,4579773883,Music,594,2500,40300,2013
Diana and Roma IND,12700000,5567832210,nan,534,11700,186400,2019
Jass Records,12700000,5958994201,Music,1,0,0,2012
Future,12700000,9927699419,Music,119,118,1900,2020
YoungBoy Never Broke Again,12700000,13174393401,Entertainment,142,42500,679900,2015
Blossom,12700000,4733873025,Howto & Style,812,11000,175500,2017
#Refï¿½ï¿½ï¿½ï¿½,12700000,2709954270,Entertainment,846,1700,27800,2013
Piuzinho,12700000,1081285962,Gaming,504,905,14500,2015
Heidi y Zidane,12700000,6001189018,nan,600,4000,64500,2019
Go Ami Go!,12700000,1714955279,People & Blogs,252,81900,1300000,2015
Morgz,12600000,3303595310,Gaming,825,14700,235400,2014
CaseyNeistat,12600000,3152402405,People & Blogs,1101,1500,23800,2010
ıııııııııSULGI,12600000,3485373675,People & Blogs,683,28300,452500,2012
NickiMinajAtVEVO,12600000,8831179714,Music,99,8800,140100,2010
Ellie Goulding,12600000,6969178081,Music,218,9200,146700,2007
colinfurze,12500000,1612094871,Entertainment,385,2100,33900,2006
People Vs Food,12500000,1136534702,Entertainment,601,3800,61400,2013
Wolfoo Family,12500000,161254021,nan,61,0,0,2019
Ja Mill,12500000,1302818088,People & Blogs,0,0,0,2006
Health Time,12500000,1002219689,Howto & Style,1810,349,5600,2016
Yair17,12500000,1402042328,Gaming,1109,2200,35500,2014
Little Baby Bum en Espaï¿½ï,12500000,6956320454,Education,1459,4100,65300,2014
First We Feast,12500000,2983799729,Howto & Style,1076,27800,445000,2014
Mï¿½ï¿½ï¿½ï¿½,12500000,3140883140,Travel & Events,766,7800,124000,2015
Bebefinn - Nursery Rhymes & Kids Songs,12500000,4163639093,nan,322,0,0,2022
Troom Troom PT,12500000,4384177908,Howto & Style,2738,3400,54000,2015
Parafernalha,12500000,4625777945,Entertainment,1888,1800,28600,2011
NDTV,12500000,4935793409,Entertainment,151136,14600,234100,2006
elcarteldesantatv,12500000,7489455451,Music,377,29000,463500,2008
Family Fitness,12500000,10384848759,Entertainment,1699,58900,942900,2017
Zee Tamil,12500000,11552190002,Entertainment,102699,87500,1400000,2008
Flowers Comedy,12500000,11691081301,Entertainment,11907,45000,720100,2015
Mundo Bita,12500000,16690788752,Music,253,53400,854800,2011
Wave Music Bhakti,12500000,5146004207,Music,19899,2800,44300,2011
Troom Troom Indonesia,12500000,5379684248,People & Blogs,8,0,0,2020
CKM,12500000,4465772496,Comedy,117,3300,52600,2018
Quantum Tech HD,12500000,4340213066,Science & Technology,223,2,35,2022
_vector_,12400000,7597013023,Comedy,398,225900,3600000,2019
DEV Ke Facts,12400000,1971226335,nan,218,68400,1100000,2012
Hero Movies 2023,12400000,1689090619,People & Blogs,689,5500,87300,2017
LOUD,12400000,2394143260,Gaming,690,7,110,2006
Gibby :),12400000,2862685032,People & Blogs,226,2600,41100,2014
Gustavo Parï¿½ï¿½,12400000,2602614088,Comedy,9,0,0,2010
SAAIHALILINTAR,12400000,1113066203,Entertainment,409,202,3200,2012
Timba Vk,12400000,2840137980,Gaming,1024,6000,96100,2012
Heidi and Zidane HZHtube,12400000,4021409291,Entertainment,813,2400,38400,2015
DaniRep | +6 Vï¿½ï¿½ï¿½ï¿½ï¿½ï¿½ï¿½ï¿½ï¿½ï¿½ï,12400000,6933660906,Gaming,12419,20700,330600,2012
Zee Kids,12400000,7683670251,Film & Animation,1212,23800,380700,2012
Pari's Lifestyle,12400000,7741764747,People & Blogs,459,9500,152700,2018
DisneyChannelUK,12400000,12607488647,Music,4422,8700,139000,2007
MoniLina,12400000,16086808918,Comedy,0,0,0,2016
bharatzkitchen HINDI,12400000,2315226648,Howto & Style,729,7700,123900,2016
TKOR,12400000,3392022527,Education,0,0,0,2006
ANNA KOVA,12400000,13959586308,People & Blogs,1,0,0.01,2006
Avril Lavigne,12400000,6202090191,Music,205,12500,200800,2005
Caylus,12400000,4779139505,Education,1340,44400,710400,2016
Migos ATL,12400000,6993406259,Music,99,12400,197600,2012
Natan por Aï¿,12300000,9029609749,Sports,1200,138100,2200000,2017
Free Fire India Official,12300000,1674409945,People & Blogs,1500,16200,258900,2018
Panda,12300000,2214684303,nan,2452,17,268,2006
RobTopGames,12300000,374123483,Gaming,39,968,15500,2012
Make Joke Of,12300000,2129773714,Comedy,62,6000,96000,2017